name,id,minutes,n_steps,steps,Description,ingredients
arriba baked winter squash mexican style,137739,55,11,"['Make a choice and proceed with recipe', 'Depending on size of squash , cut into half or fourths', 'Remove seeds', 'For spicy squash , drizzle olive oil or melted butter over each cut squash piece', 'Season with mexican seasoning mix ii', 'For sweet squash , drizzle melted honey , butter , grated piloncillo over each cut squash piece', 'Season with sweet mexican spice mix', 'Bake at 350 degrees , again depending on size , for 40 minutes up to an hour , until a fork can easily pierce the skin', 'Be careful not to burn the squash especially if you opt to use sugar or butter', 'If you feel more comfortable , cover the squash with aluminum foil the first half hour , give or take , of baking', 'If desired , season with salt']","Autumn is my favorite time of year to cook! This recipe 
can be prepared either spicy or sweet, your choice!
two of my posted mexican-inspired seasoning mix recipes are offered as suggestions.","['winter squash', 'mexican seasoning', 'mixed spice', 'honey', 'butter', 'olive oil', 'salt']"
a bit different breakfast pizza,31490,30,9,"['Preheat oven to 425 degrees f', 'Press dough into the bottom and sides of a 12 inch pizza pan', 'Bake for 5 minutes until set but not browned', 'Cut sausage into small pieces', 'Whisk eggs and milk in a bowl until frothy', 'Spoon sausage over baked crust and sprinkle with cheese', 'Pour egg mixture slowly over sausage and cheese', 'S& p to taste', 'Bake 15-20 minutes or until eggs are set and crust is brown']",This recipe calls for the crust to be prebaked a bit before adding ingredients. Feel free to change sausage to ham or bacon. This warms well in the microwave for those late risers.,"['prepared pizza crust', 'sausage patty', 'eggs', 'milk', 'salt and pepper', 'cheese']"
all in the kitchen chili,112140,130,6,"['Brown ground beef in large pot', 'Add chopped onions to ground beef when almost brown and sautee until wilted', 'Add all other ingredients', 'Add kidney beans if you like beans in your chili', 'Cook in slow cooker on high for 2-3 hours or 6-8 hours on low', 'Serve with cold clean lettuce and shredded cheese']",This modified version of 'mom's' chili was a hit at our 2004 christmas party. We made an extra large pot to have some left to freeze but it never made it to the freezer. It was a favorite by all. Perfect for any cold and rainy day. You won't find this one in a cookbook. It is truly an original.,"['ground beef', 'yellow onions', 'diced tomatoes', 'tomato paste', 'tomato soup', 'rotel tomatoes', 'kidney beans', 'water', 'chili powder', 'ground cumin', 'salt', 'lettuce', 'cheddar cheese']"
alouette potatoes,59389,45,11,"['Place potatoes in a large pot of lightly salted water and bring to a gentle boil', 'Cook until potatoes are just tender', 'Drain', 'Place potatoes in a large bowl and add all ingredients except the""alouette""', 'Mix well and transfer to a buttered 8x8 inch glass baking dish with 2 inch sides', 'Press the potatoes with a spatula to make top as flat as possible', 'Set aside for 2 hours at room temperature', 'Preheat oven to 350^f', 'Spread""alouette"" evenly over potatoes and bake 15 minutes', 'Divide between plates', 'Garnish with finely diced red and yellow bell peppers']","This is a super easy, great tasting, make ahead side dish that looks like you spent a lot more time preparing than you actually do. Plus, most everything is done in advance. The times do not reflect the standing time of the potatoes.","['spreadable cheese with garlic and herbs', 'new potatoes', 'shallots', 'parsley', 'tarragon', 'olive oil', 'red wine vinegar', 'salt', 'pepper', 'red bell pepper', 'yellow bell pepper']"
amish tomato ketchup for canning,44061,190,5,"['Mix all ingredients& boil for 2 1 / 2 hours , or until thick', 'Pour into jars', ""i use'Old' glass ketchup bottles"", ""it is not necessary for these to'Seal"", ""'My amish mother-in-law has been making this her entire life , and has never used a'Sealed' jar for this recipe , and it'S always been great !""]","My dh's amish mother raised him on this recipe. He much prefers it over store-bought ketchup. It was a taste i had to acquire, but now my ds's also prefer this type of ketchup. Enjoy!","['tomato juice', 'apple cider vinegar', 'sugar', 'salt', 'pepper', 'clove oil', 'cinnamon oil', 'dry mustard']"
apple a day milk shake,5289,0,4,"['Combine ingredients in blender', 'Cover and blend until smooth', 'Sprinkle with ground cinnamon', 'Makes about 2 cups']",,"['milk', 'vanilla ice cream', 'frozen apple juice concentrate', 'apple']"
aww marinated olives,25274,15,4,"['Toast the fennel seeds and lightly crush them', 'Place all the ingredients in a bowl , stir well', 'Cover and leave to marinate', 'Keep refrigerated and use within 1 to 2 days']",My italian mil was thoroughly impressed by my non-italian treatment of her olives. They are great appetizers and condiments to your fav pasta.(from the vancouver sun) ps. Cook time include fridge time,"['fennel seeds', 'green olives', 'ripe olives', 'garlic', 'peppercorn', 'orange rind', 'orange juice', 'red chile', 'extra virgin olive oil']"
backyard style barbecued ribs,67888,120,10,"['In a medium saucepan combine all the ingredients for sauce#1 , bring to a full rolling boil , reduce heat to medium low and simmer for 1 hour , stirring often', 'Rub the ribs with soy sauce , garlic , ginger , chili powder , pepper , salt and chopped cilantro , both sides !', 'Wrap ribs in heavy duty foil', 'Let stand 1 hour', 'Preheat oven to 350 degrees', 'Place ribs in oven for 1 hour , turning once after 30 minutes', '3 times during cooking the ribs open foil wrap and drizzle ribs with sauce#1', 'Place all the ingredients for sauce#2 in a glass or plastic bowl , whisk well and set aside', 'Remove ribs from oven and place on serving platter', 'Offer both sauces at table to drizzle over ribs']",This recipe is posted by request and was originaly from chef sam choy's cookbook ,"['pork spareribs', 'soy sauce', 'fresh garlic', 'fresh ginger', 'chili powder', 'fresh coarse ground black pepper', 'salt', 'fresh cilantro leaves', 'tomato sauce', 'brown sugar', 'yellow onion', 'white vinegar', 'honey', 'a.1. original sauce', 'liquid smoke', 'cracked black pepper', 'cumin', 'dry mustard', 'cinnamon sticks', 'orange, juice of', 'mirin', 'water']"
bananas 4 ice cream pie,70971,180,8,"['Crumble cookies into a 9-inch pie plate , or cake pan', 'Pat down to form an even layer', 'Drizzle 1 cup of chocolate topping evenly over the cookies with a small spoon', 'Scoop the vanilla ice cream on top of the chocolate and smooth down', 'Cover with half of the sliced bananas', 'Top with strawberry ice cream', 'Cover and freeze until firm', 'Before serving , top with 1 / 4 cup chocolate topping , whipped cream , and sliced bananas']",,"['chocolate sandwich style cookies', 'chocolate syrup', 'vanilla ice cream', 'bananas', 'strawberry ice cream', 'whipped cream']"
beat this banana bread,75452,70,12,"['Preheat oven to 350 degrees', 'Butter two 9x5"" loaf pans', 'Cream the sugar and the butter until light and whipped', 'Add the bananas , eggs , lemon juice , orange rind', 'Beat until blended uniformly', 'Be patient , and beat until the banana lumps are gone', 'Sift the dry ingredients together', 'Fold lightly and thoroughly into the banana mixture', 'Pour the batter into prepared loaf pans', 'Bake for 45 to 55 minutes , until the loaves are firm in the middle and the edges begin to pull away from the pans', 'Cool the loaves on racks for 30 minutes before removing from the pans', 'Freezes well']",From ann hodgman's ,"['sugar', 'unsalted butter', 'bananas', 'eggs', 'fresh lemon juice', 'orange rind', 'cake flour', 'baking soda', 'salt']"
berry good sandwich spread,109439,5,2,"['In medium size bowl , coarsely mash cranberry sauce', 'Stir in sour cream and horseradish until well blended']","Horseradish is one of my favorite condiments as well as cranberry sauce. This is sweet and hot. I enjoy it on a smoked turkey & swiss sandwich, but also good alongside baked ham or roast beef.","['whole berry cranberry sauce', 'sour cream', 'prepared horseradish']"
better than sex  strawberries,42198,1460,8,"['Crush vanilla wafers into fine crumbs and line a square 8"" x8"" pan', 'Mix butter or margarine and sugar', 'Add beaten eggs', 'Spread the mixture over the wafer crumbs', 'Crush strawberries and spread over sugar , egg , and butter mixture', 'Cover strawberries with whipped cream', 'Sprinkle with chopped nuts', 'Chill 24 hours']","Simple but sexy. This was in my local newspaper's food section. Cook time reflects refrigeration time.  i've been asked several times if this should be baked.  just to clarify, no, it is not, it is a refrigerator dessert. I'm not sure why it contains raw egg, but most tiramisu recipes do too.","['vanilla wafers', 'butter', 'powdered sugar', 'eggs', 'whipping cream', 'strawberry', 'walnuts']"
better then bushs baked beans,67547,2970,9,"['In a very large sauce pan cover the beans and bouillon cubes in 3 inches of water', 'Bring to a boil , cover , and let sit for 1 1 / 2 hours', 'Preheat oven to 350 degrees f', ""drain and pour beans into a 9'X11' pan"", 'Add the rest over the ingredients , stir , and bake until all the water has evaporated , about 3 hours', 'Remove from oven , cover , and let sit overnight', 'Preheat oven to 350 degrees f', 'Add the next 5 cups of water , and bake until all the water has evaporated , about 3 hours', 'Serving suggestions: challah bread , steak , hamburgers']","I'd have to say that this is a labor of love dish, but i give you my word that this recipe is better than bush's. Enjoy! Oh, and also this recipe is easily doubled. In fact, i think it turns out better when it is.","['great northern bean', 'chicken bouillon cubes', 'dark brown sugar', 'molasses', 'cornstarch', 'onion', 'garlic powder', 'mustard powder', 'chili powder', 'salt', 'black pepper', 'bacon', 'water']"
boat house collard greens,107517,525,7,"['Put prepared greens in large pot', 'Add water', 'Bring to a boil , and boil for one hour', 'Add sugar , molasses , hot sauce , whiskey , and ham hock', 'Bring to a boil again , and boil for another hour', 'Reduce heat and simmer for 4-6 hours', 'During the last hour of cooking , add a little salt to taste']",My boss gave me this recipe several years ago. The recipe supposedly came from the ,"['collard greens', 'brown sugar', 'molasses', 'hot sauce', 'whiskey', 'ham hock', 'salt']"
calm your nerves tonic,39959,5,6,"['Combine herbs', 'Dosage: one-half teaspoonful mixed in one-half glass of cold water , followed by a glass of hot water , one hour before each meal and upon retiring', 'This can be put in gelatin capsules', 'Two no', '00 capsules would contain the required amount for one dose', 'More can be taken with beneficial results']","This will prove a blessing to everyone who takes it. It is soothing and relaxing, quieting to the nerves, has many good qualities, and is perfectly harmless. You can get the ingredients from any good health food store. You could up this to 1 cup each or lessen it to 1/8 cup each, according to your preference.","['gentian root', 'scullcap herb', 'burnet root', 'wood bethony', 'spearmint']"
chicken lickin good pork chops,63986,500,5,"['Dredge pork chops in mixture of flour , salt , dry mustard and garlic powder', 'Brown in oil in a large skillet', 'Place browned pork chops in a crock pot', 'Add the can of soup , undiluted', 'Cover and cook on low for 6-8 hours']",Here's and old standby i enjoy from time to time. It's from an old newspaper clipping i cut out years ago. Very tasty.,"['lean pork chops', 'flour', 'salt', 'dry mustard', 'garlic powder', 'oil', 'chicken rice soup']"
chile rellenos,43026,45,9,"['Drain green chiles', 'Sprinkle cornstarch on sheet pan', 'Open up chile and place on egg roll wrapper with corner facing you', 'Place cheese stick on chile and roll up , tucking in corners and moistening edges to seal', 'Toss in cornstarch , dusting liberally', 'Shake off excess cornstarch and deep fry in 350 oil to cover until lightly golden and cheese just starts to ooze out', 'Drain on paper towels and keep warm in 250 oven', 'Serve as a side dish or appetizer with your favorite mexican meal', 'Add your favorite condi- ments / sauces']","A favorite from a local restaurant no longer in business. Not an authentic mexican chile relleno, but a crispy, flaky version.","['egg roll wrap', 'whole green chilies', 'cheese', 'cornstarch', 'oil']"
chinese candy,23933,15,4,"['Melt butterscotch chips in heavy saucepan over low heat', 'Fold in peanuts and chinese noodles until coated', 'Drop by tablespoon onto waxed paper', 'Let stand in cool place until firm']","A little different, and oh so good. I include these when making up candy trays, as gifts, at christmas time.","['butterscotch chips', 'chinese noodles', 'salted peanuts']"
chinese chop suey,8559,70,8,"['Brown ground meat and onion in a large pot', 'Add 1 / 4 cup of soy sauce', 'Thinly slice the entire bunch of celery , including the leaves', 'Add beef broth and celery', 'Bring to a boil', 'Reduce heat and simmer until celery is tender', 'Add more soy sauce if needed , to taste', 'Serve as an open face sandwich over a hamburger bun']",Easy one-pot dinner. ,"['celery', 'onion', 'ground pork', 'soy sauce', 'beef broth', 'cooking oil', 'hamburger buns']"
cream of cauliflower soup vegan,23850,110,10,"['Heat the oil or margarine in a soup pot and add the onion and garlic', 'Saute over medium heat until the onion is golden , about 10 minutes', 'Add the cauliflower , potatoes , water , and seasonings', 'There should be enough broth to cover all but about an inch of the veggies', 'Bring to a simmer , then simmer gently covered until the veggies are tender , about 25 minutes', 'Remove from the heat transfer the vegetables from the soup pot to a food processor or blender and puree in batches until smooth', 'Puree about half of the beans with each of the two batches of vegetables', 'Transfer the puree back into the soup pot , stirring it back into whatever liquid remained', 'Let the soup stand for 1-2 hours before serving , then heat through as needed', 'Ladle into soup bowls and garnish the tops with 2-3 garnishes']",This is a dairy free ,"['canola oil', 'onion', 'garlic', 'cauliflower', 'potatoes', 'vegetable bouillon cubes', 'water', 'salt free herb and spice seasoning mix', 'ground coriander', 'great northern bean', 'salt and pepper', 'broccoli floret', 'escarole', 'green peas', 'red bell pepper', 'fresh herb']"
cream of spinach soup,76808,45,9,"['Bring water and salt to a boil', 'Cut the potatoes in half lengthwise , and then into 1 / 2"" thick slices', 'Boil over medium-high heat for twenty minutes', ""add the spinach and boil another 10 minutes being careful to not overcook in order to maintain it'S bright green color"", 'Drain , reserving 1 1 / 4 cups cooking liquid', 'In a food processor , process the potatoes and spinach until very smooth , adding the butter 1 / 2 t at a time', 'Return the puree to the pot and add the reserved liquid until the desired consistency', 'Reheat slowly and season with salt and pepper', 'Ladle into shallow soup plates and garnish with nutmeg or shaved cheese']","Wonderful comfort food from rozanne gold, a favorite cookbook author. This is a creamless creamed soup and it's delicious. It's made thick with potatoes and rich with butter. The color of this soup is stunning.","['water', 'salt', 'boiling potatoes', 'fresh spinach leaves', 'unsalted butter', 'coarse salt', 'fresh ground black pepper', 'nutmeg']"
cream of spinach soup vegan,24701,55,10,"['In a 3 qt saucepan over medium high heat , saute the onions and scallions in the apple juice and oil for 5 minutes , stirring frequently', 'Add the spinach , parsley and celery', 'Cook for 5-7 minutes , stirring occasionally add the broth , oats , salt , thyme and pepper', 'Bring to a boil , then lower the heat to medium', 'Cover and simmer for 20 minutes', 'Remove from the heat', 'Let the soup cool for 10 minutes', 'Working in batches , puree in a blender until thick and smooth', 'Return to the pot', 'Reheat and serve']","Thickened with a mix of cooked oats and vegies, this soup has all the flavor of the original with a fraction of the fat stuff. Low in cholestorol too!","['onion', 'scallion', 'apple juice', 'olive oil', 'spinach', 'fresh parsley', 'celery', 'broth', 'rolled oats', 'salt', 'dried thyme', 'white pepper']"
crispy crunchy chicken,83873,35,8,"['Combine soup , egg and seasoned salt in a bowl and set aside', 'Mix together flour , cornstarch , garlic powder , paprika , salt and pepper in a resealable plastic bag', 'Dip chicken pieces into soup mixture and turn so as to coat all over', 'Place chicken pieces in bag with flour mixture , seal bag and shake to coat chicken', 'Place coated pieces of chicken on a platter and allow to set until the coating becomes doughy', 'Heat oil in a deep fryer or in a skillet over medium heat , using enough oil to cover chicken pieces when fried', 'Once chicken is doughy , fry pieces in oil for approx 5-8 minutes or until cooked through and juices run clear', 'Drain pieces on paper towel and serve']","Delicious, crunchy fried chicken. This recipe came from the ","['boneless skinless chicken breast halves', 'condensed cream of chicken soup', 'egg', 'seasoning salt', 'all-purpose flour', 'cornstarch', 'garlic powder', 'paprika', 'salt and pepper', 'oil']"
deep fried dessert thingys,107699,20,20,"['In a large bowl , mix flour , granulated sugar , baking powder and salt', 'Make a well in the center of the flour mixture , and pour in milk , vanilla , egg and 2 tablespoons oil', 'Mix until smooth', 'Heat remaining vegetable oil to 400 degrees in a small deep fryer', 'Oil is hot enough when it starts to ripple', 'Be careful not to overheat', 'Butter one side of each bread slice', 'Sprinkle the brown sugar and cinnamon evenly onto the buttered side of the bread slices', 'Make sandwiches by placing the slices of bread together with the brown sugar on the inside', 'Cut the sandwiches into quarters', 'Now is a good time to test the oil by dropping in a very small amount of batter', 'Batter should sizzle and brown in about 20 seconds', 'Oil needs to be hot enough to melt the brown sugar inside the sandwiches but not so hot that it scorches the batter', 'Dip the sandwiches into the batter mixture', 'Using deep fryer tongs , carefully place the battered sandwiches into the heated oil', 'Be cautious when deep frying', 'Try to avoid burns from splattering hot oil', 'Remove sandwiches from the oil when they are golden brown', 'Set aside to cool for a couple of minutes', 'Sprinkle with powdered sugar and serve']",My mother used to make this for us as a special treat. I don't know where she got this recipe or what it is called (hence the title). My husband loves this and encouraged me to submit it. This recipe is full of sugar and oil and is as unhealthy as a desert can be but very yummy.,"['all-purpose flour', 'granulated sugar', 'baking powder', 'salt', 'vanilla extract', 'egg', 'milk', 'vegetable oil', 'bread', 'brown sugar', 'ground cinnamon', 'butter', 'powdered sugar']"
easiest ever hollandaise sauce,49262,25,7,"['Cut the butter into several pieces and bring to room temperature', 'In the top of a double boiler , combine egg yolks , lemon juice , salt and pepper', 'Add a piece of butter', 'Cook , stirring steadily with a wooden spoon or wire whisk , over , but not touching , boiling water', 'When butter melts and sauce begins to thicken , add remaining butter , stirring constantly until melted', 'Continue cooking as sauce thickens , about 2 more minutes', 'Immediately remove from heat']","The secret to this easy hollandaise sauce is in separating the egg yolks. Remove all the egg whites, as they can thin the sauce. Also, it is best prepared in a double boiler to prevent overheating. Serve over cooked asparagus, broccoli, or broiled tomatoes.","['butter', 'lemon, juice of', 'salt', 'white pepper', 'egg yolks']"
emotional balance spice mixture,48156,10,2,"['Mix the spices together and store in an airtight container', 'Saute small amounts in butter / ghee to spice vegetables and grains']",Really an effective spice blend...i got it in one of maharishi ayurveda newsletters and thought of sharing here !hope this will help you melt your blues away.. :-)),"['ground black pepper', 'ground ginger', 'ground coriander', 'ground cumin', 'ground turmeric', 'black cumin']"
fool the meat eaters chili,54272,40,9,"['Rehydrate tvp if needed', 'Spray or oil a large pot', 'Chop the onion , hot peppers , and garlic and add to the pot', 'Chop remaining vegetables , add to pot and brown lightly', 'Add remaining ingredients', 'Stir well and simmer at least 15 minutes', 'Taste adjust spices to taste', 'Simmer an additional 15 minutes or so', 'Serve with garlic bread , toast , or on rice']","This recipe was adapted by my mother and myself from meat chili. We fed it to my dad and only told him afterwards it wasn't meat - he couldn't tell the difference! This is a fast and filling meal and is even better, cold or warm, the next day! I serve leftovers with tortilla chips or in a wrap. Also good with sour cream and/or cheese on top.","['vegetarian ground beef', 'garlic', 'onion', 'jalapenos', 'green pepper', 'celery', 'kidney beans', 'diced tomatoes', 'chili powder', 'black pepper', 'salt', 'red pepper flakes']"
forgotten minestrone,47366,495,5,"['In a slow cooker , combine the first nine ingredients', 'Cover and cook on low for 7-9 hours or until meat is tender', 'Add zucchini , cabbage , beans and macaroni', 'Cook on high 30-45 minutes more or until the vegetables are tender', 'Sprinkle individual servings with parmesan cheese']",This recipe came from a ,"['beef stew meat', 'water', 'tomatoes', 'beef bouillon cube', 'onion', 'dried parsley', 'salt', 'ground thyme', 'ground pepper', 'zucchini', 'cabbage', 'garbanzo beans', 'elbow macaroni', 'parmesan cheese']"
fried potatoes,37073,40,14,"['Preheat oven to 400 degrees', 'Cut the potatoes into strips about 2 1 / 2 inches long by 1 / 4-inch thick', 'Soak the potatoes in ice water for five minutes', 'Drain the potatoes , then rinse thoroughly under cold water', 'Press between paper towels to dry', 'Transfer potatoes to a bowl , pour melted margarine over the potatoes and toss to coat them', 'Spray baking sheet with non-stick spray', 'Spread potatoes onto baking sheet', 'Bake for 15 minutes', 'Toss and turn', 'Bake for five minutes', 'Add herbs and toss', 'Bake a final five minutes until the potatoes are brown and crisp', 'Serve immediately']","My husband made these up last week, very tasty, he liked them because they were easy.","['red potatoes', 'margarine', 'rosemary']"
georges at the cove black bean soup,44123,90,11,"['In 1 / 4 cup butter , saute carrots , onion , celery and broccoli stems for 5 minutes', 'Add thyme , oregano and basil', 'Saute 5 minutes more', 'Add wine and deglaze pan', 'Add hot chicken stock and reduce by one-third', 'Add worcestershire sauce , tabasco , smoked chicken , beans and broccoli florets', 'Simmer 5 minutes', 'Add cream , simmer 5 minutes more and season to taste', 'Drop in remaining butter , piece by piece , stirring until melted and serve immediately', 'Smoked chicken: on a covered grill , slightly smoke boneless chicken , cooking to medium rare', 'Chef meskan uses applewood chips and does not allow the grill to become too hot']","An original recipe created by chef scott meskan, george's at the cove. We enjoyed this when we visited this restaurant in la jolla, california. This recipe is requested so often, they have it printed and ready at the hostess stand. It's unbeatable at the restaurant, but i do a pretty good job at home, too, if i do say so myself!","['unsalted butter', 'carrot', 'onion', 'celery', 'broccoli stem', 'dried thyme', 'dried oregano', 'dried sweet basil leaves', 'dry white wine', 'chicken stock', 'worcestershire sauce', 'tabasco sauce', 'smoked chicken', 'black beans', 'broccoli floret', 'heavy cream', 'salt & fresh ground pepper', 'cornstarch']"
get the sensation  brownies,27087,70,11,"['Preheat oven to 350 degrees', 'Grease 13 x 9 baking pan', 'In a large bowl , whisk together butter , sugar and vanilla', 'Add eggs and stir until well combined', 'Combine dry ingredients and blend well with wet ingredients', 'Reserve 2 cups of batter and set aside', 'Spread remaining batter in prepared pan', 'Arrange peppermint patties in a single layer over batter , about 1 / 2 inch apart', 'Carefully spread reserved 2 cups of batter on top', 'Bake for 50- 55 minutes or until brownies begin to pull away from sides of pan', 'Cool completely on wire rack and cut into squares']",A yummy thick chocolate mint brownie from york peppermint patties! Get the sensation!,"['butter', 'sugar', 'vanilla', 'eggs', 'all-purpose flour', 'baking cocoa', 'baking powder', 'salt', 'miniature peppermint patties']"
global gourmet  taco casserole,59952,55,11,"['Heat oven to 375 degrees', 'Brown ground beef and onion over medium heat', 'Drain', 'Stir in tomato sauce , taco or other sauce , salt , pepper , tabasco , chiles , and cornmeal , adjusting for""hot"" taste preference and desired thickness', 'Stir in more cornmeal , if desired', 'Stir in corn and olives', 'Transfer mixture to casserole dish', 'Cover and bake for 30 to 40 minutes , or until bubbly and heated through', 'Top with cheese immediately on removing from oven so cheese melts', 'Garnish with corn chips just before serving to keep them crisp', 'Serve with a cool fresh vegetable such as cucumber slices , avocado , or lettuce leaves , if desired']","Hey! I found this in a cookbook that recognizes different kinds of food from around the world. My brother made this in the 7th grade for 'food and consumer science' (facs, or home ec) as the meal made on his own. Everyone loved it, and i came across it the other day, and decided to post it! This can be served with warm flour tortillas and additional toppings can be put on like guacamole, chopped tomatoes, or sour cream. It is your choice!","['ground beef', 'onion', 'tomato sauce', 'taco sauce', 'salt', 'pepper', 'tabasco sauce', 'hot chili pepper', 'cornmeal', 'whole kernel corn', 'sliced ripe olives', 'cheddar cheese']"
grilled  ranch bread,93249,13,4,"['Cream the butter with the dressing mix', 'Spread evenly on the bread halves', 'Place under the broiler for 2-3 minutes , until golden and the butter begins to seep and bubble', 'Serve hot']",Buttery and ,"['butter', 'dry ranch dressing mix', 'french bread']"
grilled  venison burgers,54100,26,13,"['In bowl , mix dry ingredients', 'Add venison and mix well', 'Add liquid ingredients and mix well with a fork , until bread crumbs are barely noticeable', 'On plastic wrap , form into 8 patties , making them round and very flat-- like a fast-food burger', 'They can be cooked immediately , but i prefer to freeze them first', 'Place them on a large cookie sheet and freeze them several hours', 'Remove from freezer and place waxed paper between each burger as you stack them', 'I stack them in 2 1-quart freezer zip-lock bags', 'Preheat cast iron skillet to very hot', 'Cook frozen burgers until they are slightly charred on one side and then turn and cook until the other side is slightly charred and burgers are medium-well', 'Do not overcook', 'Turn burner off and leave burgers in the pan while you put condiments on your hamburger bun', 'If cooking thawed burgers , cook about 2-3 minutes per side']",Delicious venison burgers with that ,"['ground venison', 'egg substitute', 'non-fat powdered milk', 'water', 'fresh breadcrumb', 'onion', 'salt', 'black pepper', 'dry mustard', 'worcestershire sauce']"
healthy for them  yogurt popsicles,67664,10,3,"['Mix all the ingredients using a blender', 'Pour into popsicle molds', 'Freeze and enjoy !']","My children and their friends ask for my homemade popsicles morning, noon and night. I never turn them down; who am i to tell them that they are good for them! For variety i substitute different flavours of frozen juice - grape, fruit punch, tropical etc.","['milk', 'frozen juice concentrate', 'plain yogurt']"
homemade  vegetable soup from a can,87098,12,6,"['Combine all ingredients in large pot', 'Bring to a boil and simmer for 3 minutes', 'Serve', 'I use the tomatoes that come flavored with basil , oregano , and garlic', 'You can substitute whatever vegetables you like', ""if you don'T want to use the zucchini , add a can of tomato sauce to give it some substance""]","My friend just made this for dinner the other night. When i found out it how easy it is to make, i was shocked. Trick the non-cooks in your life into thinking you slaved for them...","['low sodium chicken broth', 'diced tomatoes', 'zucchini', 'corn', 'potatoes', 'wax beans', 'green beans', 'carrots']"
how i got my family to eat spinach  spinach casserole,25775,50,5,"['Preheat oven to 350 degrees', 'Place spinach in strainer and squeeze all extra liquid from it', 'In a large bowl , combine spinach with the rest of ingredients , except croutons , and combine well', 'Pour into a 2 quart casserole dish and top with croutons', 'Bake for 35 to 40 minutes , or until bubbling around edges']","If spinach scares you, this is one recipe that contains spinach that you do not have to be afraid of! It is so delicious that even my picky kids like it. My mother-in-law makes this for get-togethers and she passed the recipe on to me. You can also use broccoli instead of the spinach, which she does often, but i have never tried...it is great the way it is! She also eats this hot or cold, but i only like it hot :) enjoy!","['frozen chopped spinach', 'egg', 'salt', 'black pepper', 'onion', 'sharp cheddar cheese', 'condensed cream of mushroom soup', 'crouton']"
i can t believe it s low fat  creamy potato salad,33165,30,12,"['Cut potatoes into 1 / 2"" pieces', 'Place in medium saucepan', 'Add water to cover', 'Bring to a boil', 'Cover , reduce heat , and simmer 15-20 minutes or until tender', 'Drain and cool', 'Combine potato , chopped green onion , and pimemto in a large bowl', 'Toss gently', 'Combine mayonnaise and next 9 ingredients', 'Stir well', 'Add to potato mixture , tossing gently to coat', 'Cover and chill']",The name says it all. You have to try it to believe it!,"['red potatoes', 'green onion', 'diced pimentos', 'fat-free mayonnaise', 'plain low-fat yogurt', 'low-fat sour cream', 'sugar', 'prepared mustard', 'white wine vinegar', 'salt', 'pepper', 'celery seed', 'garlic']"
i can t believe it s spinach,38798,30,5,"['Combine all ingredients in a large bowl and mix well', 'Shape into one-inch balls', 'Cover and refrigerate or freeze until ready to bake', 'Preheat oven to 350 degrees', 'Place on ungreased baking sheet and bake until light brown']","These were so go, it surprised even me.","['frozen chopped spinach', 'eggs', 'garlic powder', 'soft breadcrumbs', 'oregano', 'margarine', 'sage', 'onion']"
i don t feel like cooking tonight  casserole,22123,45,6,"['Brown onion and meat in the oil , drain any excess moisture', 'Remove from heat and add both cans of soup and the veggies of your choice and stir', 'Salt and pepper to taste', 'Pour mixture into a greased 9x9 inch baking pan', 'Spoon the prepared cornbread mix over the top and spread even', 'Bake in a preheated 350 degree oven for 35-45 minutes , or until cornbread is done']","This is a hearty and filling casserole for those nights when a long time in the kitchen is just out of the question. Very tasty and easy to make, my family requests it often. Enjoy!","['ground beef', 'onion', 'frozen vegetables', 'cream of mushroom soup', 'condensed cream of mushroom & garlic soup', 'salt & pepper', 'cooking oil', 'cornbread mix']"
i stole the idea from mirj  sesame noodles,90921,18,8,"['In a large pot , cook your angel hair pasta until almost al dente', 'Drain well , put in a bowl and set aside', 'In a small tupperware container with a lid , mix sesame oil , soy sauce , honey , garlic and sesame seeds', 'Put the lid on the container and shake , shake , shake it like a polaroid picture', 'Pour the sauce over the angel hair and toss well', ""the heat of the pasta will cook the garlic a bit so it won'T be totally raw"", 'Mix in the green onions and stir fry veggies', 'Serve']","I love mirj's funky chicken with sesame noodles. I decided to use the noodles as my inspiration for this recipe. It's really similar but totally different. We liked it and i hope others will too! Cook time is the time it takes to make the pasta. *update* since posting this, i tried adding about 1/2 teaspoon of red pepper flakes and it turned out wonderfully so i decided to add it as a suggestion.","['angel hair pasta', 'toasted sesame oil', 'soy sauce', 'honey', 'garlic', 'green onions', 'toasted sesame seeds', 'stir fry vegetables']"
i yam what i yam two  muffins,93959,35,10,"['Preheat oven to 375 degrees', 'Add the brown sugar , flour , cinnamon to a small bowl and cut in softened butter', 'When mixture is well mixed stir in chopped pecans', 'Set aside', 'Spray a 12-muffin tin with non-stick cooking spray and set aside', 'Combine the flours , cocoa , baking powder , cinnamon , cloves , baking soda , and salt', 'Lightly beat eggs with honey , sugar , oil , mashed yams and orange juice', 'Add the egg mixture and buttermilk alternately to the dry ingredients , stir until well blended', 'Add orange peel to batter mixing well', 'Spoon batter into prepared muffin tins , sprinkle lightly with strussel topping and bake in preheated oven for 15 to 20 minutes']","With so many people having problems finding the sorghum, i revamped the recipe. This version produces a sweeter and lighter tasting muffin.","['all-purpose flour', 'buckwheat flour', 'unsweetened cocoa', 'baking powder', 'baking soda', 'salt', 'ground cinnamon', 'ground cloves', 'honey', 'sugar', 'eggs', 'yam', 'low-fat buttermilk', 'orange rind', 'orange juice', 'canola oil', 'brown sugar', 'flour', 'cinnamon', 'butter', 'pecans']"
i yam what i yam  muffins,93958,45,10,"['Preheat oven to 375 degrees', 'Spray muffin tin with non-stick cooking spray and set aside', 'Place the raisins in a small bowl and pour the 1 / 4 cup boiling water over them', 'Cover and set aside while preparing batter', 'Combine the flours , cocoa , baking powder , cinnamon , cloves , baking soda , and salt', 'Lightly beat eggs with sorghum , oil , mashed yams and orange juice', 'Add the egg mixture and buttermilk alternately to the dry ingredients , stir until well blended', 'Drain the raisins and add to batter along with orange peel', 'Spoon batter into prepared muffin tins , sprinkle 1 / 4 to 1 / 2 tsp of granulated sugar over each muffin', 'Bake in preheated oven for 15 to 20 minutes']","These muffins may have slightly different ingredients but the end result is a wonderful rich, moist muffin. The sugar sprinkled on top before cooking gives a slightly sweet crunch and cracked glazed appearance.","['all-purpose flour', 'buckwheat flour', 'unsweetened cocoa', 'baking powder', 'baking soda', 'salt', 'ground cinnamon', 'ground cloves', 'sorghum', 'eggs', 'yam', 'low-fat buttermilk', 'orange rind', 'orange juice', 'canola oil', 'raisins', 'boiling water', 'granulated sugar']"
immoral  sandwich filling  loose meat,58224,35,6,"['Brown the meat & drain fat', 'Stir in sugar , mustard , beer , cayenne , garlic and salt & pepper to taste', 'Simmer until liquid has mostly cooked away', 'Lay slices of cheese over top of meat , then cover for about 5 minutes , with heat on very low , until cheese has melted', 'Stir cheese into meat', 'Serve hot , on sandwich buns or bread , or over hot potatoes or rice']","Just the thing for a day when you're wanton something delicious, and a hamburger patty is just too restrictive. Loosen up your inhibitions and pile some loose meat on a bun. Wicked over hot, whipped potatoes as well.","['ground beef', 'sugar', 'prepared yellow mustard', 'beer', 'cayenne', 'garlic', 'salt & pepper', 'american cheese']"
italian sandwich  pasta salad,33606,25,6,"['Cook pasta and set aside', 'Place onions , dill pickles , olives , water chestnuts , chives and peppers in a bowl', 'Add oil , vinegar and spices', 'Marinate for 15-20 minutes or so', 'Add pasta , tomatoes , meat and cheese and toss lightly', 'Serve cold']",This is a fun salad that uses the same ingredients you would in an italian sandwich. Water chestnuts give it a nice crunch!!,"['tri-color spiral pasta', 'dill pickles', 'ripe olives', 'green onion', 'chives', 'sweet pepper', 'water chestnut', 'tomatoes', 'ham', 'cheese', 'olive oil', 'cider vinegar', 'onion powder', 'garlic powder', 'salt and pepper', 'italian seasoning']"
italian  fries,94710,15,4,"['Deep fry french fries according to package directions', 'Drain well on paper towels , and transfer to a serving platter', 'Season with salt and pepper , then sprinkle on remaining ingredients', 'Serve with your favorite condiments']","Ok, so this is not *really* italian, but it is still great with burgers! :)","['frozen french fries', 'oil', 'salt & freshly ground black pepper', 'parmesan cheese', 'oregano', 'basil', 'flat leaf parsley']"
italian  gut busters,35173,45,7,"['Lay out sandwich rolls on jelly roll pans / cookie sheets', 'Melt butter , mix in italian dressing mix', 'Using a pastry or bbq brush , graciously apply seasoned butter to the top of the""bottom bun"" and the top of the top bun', ""don'T miss this step , i don'T know why , but it does make a difference !"", 'Here is where i create an assembly line w / the bottoms of the buns', 'Layer each bun w / ham , then swiss cheese , turkey , then cheddar cheese , pepperoni , then mozzerella cheese', 'Place""lids"" on buns and place in 425 degree oven for approximly 12-15 minutes , or until you see the tops start to turn golden brown']",My sister-in-law made these for us at a family get together. They are delicious!! A little messy to make but worth the effort!! Have a helper and make an ,"['sandwich bun', 'good seasonings italian salad dressing mix', 'butter', 'deli turkey', 'ham', 'pepperoni', 'cheddar cheese', 'swiss cheese', 'mozzarella cheese']"
jeanne s style  birthday cake,83025,230,25,"['To prepare base , cut shortening into dry ingredients , mix well', 'Pat firmly and evenly into an 8 inch square pan and bake at 350 deg', 'F', 'For 10-12 minutes', 'Cool', 'For cake: cream shortening , and sugar', 'Add eggs and vanilla , beating well until fluffy', 'Sift flour , baking powder and salt together', 'Add to creamed mixture alternately with milk', 'Pour batter into a greased and floured 8 inch square pan', 'Bake at 350 deg', 'F for 25 - 40 minutes', 'Frosting: in small saucepan , stir tog', 'Milk and flour', 'Cook , stirring constantly , until mixute is thickened and smooth', 'Cool', 'On highest speed of mixer , beat cooled flour mixture with butter , shortening and vanilla until smooth and fluffy', 'Blend in icing sugar and salt', 'Continue beating until frosting is very fluffy', 'This will take at least 15 minutes', 'To assemble cake: place shortbread base on serving plate', 'Spread with small amount of frosting', 'Place cake on base', 'Cover top and sides of cake with remaining frosting', 'If desired , garnish sides of cake with shaved semi-sweet chocolate']",A bakery in winnipeg is famous for this special cake and ship it to all parts of canada. A recipe request column in the winnipeg free press printed this copycat recipe submitted by a reader. Enjoy !,"['shortening', 'icing sugar', 'vanilla', 'all-purpose flour', 'baking powder', 'sugar', 'eggs', 'salt', 'milk', 'butter']"
jiffy  extra moist carrot cake,52804,50,8,"['Preheat oven to 350 degrees', 'Mix together the cake mix , pudding , nutmeg and cinnamon', 'Add eggs , oil and water to this mixture', 'Mix on medium speed for 1 minute', 'Add the pineapple , carrots , pecans and coconut', 'Blend well', 'Pour into a greased 9 inch round cake pan', 'Bake 25 to 30 minutes , until tooth pick inserted in the center comes out clean']","This is a very tasty, moist, carrot cake. A nice sized cake for 2 or 3 people.","['yellow cake mix', 'vanilla instant pudding mix', 'nutmeg', 'cinnamon', 'eggs', 'oil', 'water', 'crushed pineapple', 'carrot', 'pecans', 'coconut']"
jiffy  roasted corn and jalapeno cornbread,108414,35,10,"['Melt butter in a saut pan', 'Add the corn , onion and red pepper and saut on medium heat until some of the corn kernels start to turn golden brown', 'Whisk egg , corn liquid , and cream together', 'Stir into corn muffin mix with a fork', 'Stir in diced jalapenos and cheddar cheese', 'Quickly stir in hot sauted corn and onion mixture , just mixing in slightly', 'Pour into 8 x 8 buttered baking dish', 'Bake at 350 for 15 minutes', 'Remove cornbread , turn off oven , drizzle cornbread with honey and put back in hot oven for 5 minutes', 'Remove from oven and let stand for 10 minutes before serving']","This is a moist, easy, colorful and delicious cornbread. Roasting the corn adds a little nuttier flavor and the red bell pepper adds a nice color and flavor.","['whole kernel corn', 'onion', 'red bell pepper', 'butter', 'jiffy corn muffin mix', 'egg', 'heavy cream', 'jalapenos', 'sharp cheddar cheese', 'honey']"
keep it going  german friendship cake,26995,14450,13,"['Mix starter ingredients in a bowl and let stand at room temperature undisturbed for 24 to 36 hours', 'Place starter in a medium bowl and combine it with the""first day"" ingredients', 'Cover and refrigerate', 'Stir once a day for 5 days', 'On the 5th day , place in a larger bowl and add the""fifth day"" ingredients', 'Cover and refrigerate', 'Stir once a day for 5 more days', 'Remove 3 separate cups of starter and give each cup to 3 friends with the recipe and instructions', 'Preheat oven to 350 degrees', 'Combine all of the""tenth day"" ingredients with the remaining mixture', 'Pour into a greased and floured 9 x 13"" pan', 'Combine topping ingredients and sprinkle on top', 'Bake for 40- 50 minutes']","Yes, this sounds bizarre, but it really is tasty and i have had some that was going around for months. It is a nice thing to start at work, school, church, etc. Try it...it's like a chain cake instead of a chain letter :)","['flour', 'water', 'dry yeast', 'milk', 'sugar', 'eggs', 'vegetable oil', 'baking soda', 'baking powder', 'salt', 'cinnamon', 'vanilla', 'crushed pineapple', 'raisins', 'nuts', 'butter', 'brown sugar']"
killer  lasagna,53402,90,13,"['Brown the sausage and ground meat and drain all the fat', 'Add all the other ingredients for the meat filling and simmer on the stove , uncovered , for about 1 / 2 hour', 'I usually add a bay leaf or two', 'Mix up the cheese filling and set aside in fridge until ready to use', 'Put the noodles in salted water and cook until soft when poked with a fork', 'When the noodles are done , drain the noodles and rinse off with cold water so they can be handled easily', 'Spray the baking pan with a non-stick spray and put a layer of noodles down on the bottom of the pan', 'It is ok to cut some of the noodles to fit into the pan if they do not fit whole', 'Spread half the cheese filling over the noodels , then half of the mozarella cheese on top of that , then half of the meat sauce over the grated mozarella cheese', 'Repeat layers and then top with more mozarella cheese', 'Bake at 375 degrees for 30 minutes', 'Let stand for 10 minutes before cutting into it', 'Leftovers can be easily stored in the freezer']",This was originally my mom's recipe and used to be a favorite when we were kids. I always requested it for my birthday dinner.,"['italian sausage', 'ground beef', 'garlic', 'dried basil', 'salt', 'whole tomato', 'tomato paste', 'ricotta cheese', 'cottage cheese', 'parmesan cheese', 'parsley flakes', 'eggs', 'ground black pepper', 'lasagna noodle', 'mozzarella cheese']"
kitchen sink  egg bake,59632,70,14,"['Preheat oven to 325', 'Thaw spinach , and squeeze out as much moisture as possible', 'Beat the eggs in medium bowl', 'Stir in the cottage cheese , grated cheese , spinach and seasonings', 'Stir until mixed thoroughly', 'Lightly spray glass 13x9 pan w / olive oil or pam', 'Distribute meat / chicken / ham evenly over bottom of pan', 'Pour cottage cheese mixture over meat', 'Push w / spatula to distribute evenly', 'Top with extra grated cheese if desired', 'Sprinkle top w / toasted wheat germ', 'Bake 45-50 minutes , until set and slightly brown at edges', 'Let sit a few minutes out of oven before serving', 'Serve hot or at room temperature']",I call this ,"['eggs', 'cottage cheese', 'cheese', 'frozen chopped spinach', 'beef', 'salt', 'pepper', 'herbs', 'spices', 'olive oil flavored cooking spray', 'toasted wheat germ']"
land of nod  cinnamon buns,22526,35,7,"['Before you turn in for the night , grease a 10"" bundt pan and add frozen rolls', 'Sprinkle with brown sugar , pudding powder , cinnamon and raisins', 'Pour melted butter over all', 'Cover with a clean , damp cloth', 'Off to bed you go !', 'In the morning , preheat oven to 350 and bake for 25 minutes', 'Let sit for 5 minutes and then turn out on a serving plate']","I have made this several times and it's dead easy. If you have overnight guests, what could be easier for breakfast? i've made it on special occasions, too, such as easter morning and christmas morning, etc. This recipe comes from the best of bridge series.","['rolls', 'brown sugar', 'instant vanilla pudding', 'cinnamon', 'raisins', 'butter']"
leftovers  spaghetti sauce,100870,40,13,"[""i had previously browned and drained the ground beef and had it in the fridge , if you don'T have this leftover , brown ground beef first in a nonstick skillet , drain off fat really well"", 'I use a pile of paper towels to soak up the fat', 'Place ground beef in a large pot', 'Stir in all other ingredients except the sugar', 'Bring to a boil , stirring occasionally', 'Turn heat down to low and simmer uncovered or covered for about 30 minutes or so to let the flavors mix , stirring occasionally', 'Taste the sauce now and then and add more onions or garlic to taste', 'Add a little sugar to neutralize the acidity of the tomatoes during the simmering', 'Serve over hot spaghetti noodles', 'The sauce should be fairly thick , not runny , so as you add in the ingredients , use more or less of the prego as needed', 'If too thick , add a little water , more prego , or more stewed tomatoes with juice', 'When i made mine , it was the consistency of chili', 'This makes a pretty decent batch , can feed 2-4 depending on how much everyone eats in a serving']","I love eating ground beef in my spaghetti sauce. Here's another recipe i made up, this time with leftovers i had in the fridge and also what i had on hand in the pantry. We were on a tight budget at the time, so i just threw a bunch of stuff together and it came out quite good and my husband enjoyed it too again, my measurements are all estimated, i apologize.","['stewed tomatoes', 'prego spaghetti sauce', 'garlic', 'ground beef', 'white onion', 'granulated sugar']"
love is in the air  beef fondue   sauces,84797,25,4,"['Honey mustard sauce: whisk all the ingredients together serve warm or cold', 'Easy bbq sauce: combine all ingredients in a pot& cook over low heat until the sugar is dissolved', 'Serve warm or cold', 'Garlic dill sauce: mix all the ingredients and chill until ready to serve']",I think a fondue is a very romantic casual dinner or wonderful for after the theatre snack served with a robust red wine. For dinner serve with rice & a small salad. Almond rice pilaf is a great accompaniment (recipe posted separately ) to cook the meat you must first heat your oil - i do this by heating it to almost boiling on the stove and then transfering it to your fondue burner. Buy good quality meat i recommend only using a fillet. Have at least 3 sauces. If you want to serve 4-6 people just increase the meat to 2 lbs there will be enough sauce.these sauce recipes came from,"['beef steaks', 'vegetable oil', 'spicy mustard', 'fresh lemon juice', 'honey', 'brown sugar', 'ketchup', 'hot sauce', 'sour cream', 'fresh garlic', 'fresh parsley', 'dried dill weed']"
make it your way  shortcakes,35653,25,11,"['Pre-heat the oven to 450', 'Sift together the flour , salt and baking powder', 'Mix in the sugar', 'Cut in the butter with a fork until meal-like crumbs form', 'Lightly beat the egg in a separate bowl', 'Add the milk', 'Add to the flour mixture', 'Briefly knead on a floured board', 'Roll out to 1 / 2 inch thick', 'Cut into 2"" squares', 'Place on a greased baking sheet and cook for 10 minutes']","Top with freshly sliced strawberries and whipped cream to create a classic summertime dessert. Again, you can play around with different toppings a verytime you bake these cakes. Wonderful !","['flour', 'salt', 'baking powder', 'sugar', 'butter', 'egg', 'milk']"
make that chicken dance  salsa pasta,32169,30,7,"['Heat oil in a frying pan and saut the onions and mushrooms until soft , about two minutes', 'Add the water , tomatoes , garlic , oregano , basil , parsley and hot sauce', 'Simmer over low heat for 6-10 minutes or until tomatoes are soft and enough water has evaporated to form a relatively thick sauce', 'Add salsa and chicken', 'Simmer until heated through', 'Cook pasta of your choice until al dente', 'Serve sauce over hot pasta , top with parmesan cheese and freshly ground black pepper']","I made this up the other night after i started to make mirjam's penne arrabiatta (#22941) but discovered i was missing a few ingredients. Like the italian dish i meant to make, this one is also spicy and loaded with garlic. I'm sure it would be even more flavourful with fresh herbs, but dried ones were all i had on hand.","['tomatoes', 'garlic', 'onion', 'button mushrooms', 'hot sauce', 'dried oregano', 'dried basil', 'fresh parsley', 'water', 'salsa', 'chicken breasts', 'olive oil', 'fresh ground black pepper', 'parmesan cheese', 'pasta']"
marijuana  vinegar,24478,20160,5,"['Mix the herbs and vinegar together in a jar', 'Seal and leave in a warm place for 2 weeks , shaking often', 'Strain the vinegar through cheesecloth and then through coffee filter paper', 'Pour into sterilised bottles and add 2-3 sprigs of fresh herb to each bottle', 'Seal with acid-proof lids or bottle tops']","Stefan and emily used to make this stuff when her herb garden was overly productive. The last batch i made was with a blend of thyme, summer savoury, basil, oregano and a bay leaf.","['fresh herbs', 'cider vinegar', 'fresh herb']"
mennonite  corn fritters,44045,15,6,"['Combine eggs , flour , baking powder , salt& pepper with the corn', 'Mix thoroughly', 'Add cream to mixture', 'Melt fat in frying pan& drop corn mixture by spoonfuls into the hot fat', 'Brown on both sides', 'Serve w / syrup']","Ok - my heritage has been revealed. :) these are simply wonderful. A favorite among our community, they're sure to bring a smile to your face. Enjoy!","['fresh corn', 'eggs', 'flour', 'salt', 'pepper', 'baking powder', 'cream', 'fat']"
mexican pasta,60219,25,5,"['Boil pasta as directed on package', 'Drain and put in large serving bowl', 'Mix picante sauce , milk , and cheese soup in a smaller bowl until creamy', 'Heat in microwave until warm', 'Mix sauce and pasta together and garnish with olives and jalepenos if desired']",Made this as a side dish for mexican meatballs (#58471)because my oldest won't do rice. Even she liked it!,"['fettuccine pasta', 'cheddar cheese soup', 'milk', 'picante sauce', 'black olives', 'jalapeno']"
mock a mole   low fat guacamole,81185,15,7,"['Thaw peas by running hot water over them in a strainer until they are bright green', 'Puree peas in food processor', 'Add 1 / 4 of one avocado , salt , and juice of one lemon or lime', 'Puree again and transfer to a bowl', 'Coarsely mash the remaining avocado and stir in tomato and onion', 'Taste and add more salt / lemon to your taste', 'Stir in cilantro']",From crescent dragonwagon's ,"['frozen peas', 'hass avocado', 'salt', 'lemons, juice of', 'tomatoes', 'onion', 'cilantro']"
momma s special  marinade,30131,10,4,"['Depending on how much meat i have i usually have to either double or triple this recipe the longer your meat marinates the better it tastes', 'This recipe was originally for salmon , but i think it can be used universally', ""i'Ve also used this same recipe for steak and chicken"", 'It is wonderful']",We usually use with chicken. My neices ask for this by name ,"['lemon juice', 'oil', 'worcestershire sauce', 'basil', 'soy sauce', 'garlic powder', 'pepper']"
more  more    apple pear jigglers,63593,125,6,"['In a food processor or blender , process the gelatin and milk for 30 seconds or until gelatin is disolved and mixture is smooth', 'Add the cream cheese and yogurt and process for 10 seconds', 'Add the fruits and blend until thoroughly pured', 'Spray an 8-inch square baking pan with nonstick spray', 'Pour gelatin mixture into pan and chill until firm', 'Once chilled , cut into squares or creative shapes using cookie cutters and serve']","It's a fun finger food for infants and toddlers that packs a little calcium and vitamin punch. Try vegetarian cream cheese and soy yogurt for the lactose intolerant child or children not yet introduced to milk products. Cook time is approximate chill time. Servings are dependent on size of squares or shapes cut, but we cut the pan into 5 rows and 5 columns, yielding 25 squares.","['unflavored gelatin', 'milk', 'cream cheese', 'yogurt', 'apple', 'pear']"
mr  grant you took half veal prince orloff,43164,120,26,"['Preheat oven to 325', 'Dry the veal on paper towels', 'Place in a heavy casserole just large enough to hold the veal easily', 'Place the casserole over moderately high heat with the butter and oil', 'When you see the butter foam begin to subside , brown the veal lightly on all sides', 'This takes 10 to 15 minutes', 'Remove the veal', 'If the browning fat has burned , pour it out and add butter', 'Stir in the vegetables and herb bouquet , cover and cook over low heat for 5 minutes with out browning', 'Sprinkle salt and pepper over the veal', 'Return it to the casserole and baste with the butter in the casserole', 'Insert meat thermometer', 'Lay the blanched bacon over the meat , then cover with foil', 'Cover the casserole and set in lower third of preheated oven', 'Regulate heat so meat cooks slowly and steadily for about 1-1 / 2 hours', 'Baste it 2 or 3 times with the juices in the casserole', ""the roast is done at a thermometer reading of 175 degrees , or as soon as it'S juices run clear yellow when the meat is pricked deeply with a fork"", 'Place the veal on a hot platter and discard trussing strings', 'The veal and vegetables will have produced a cup or more of juice in the casserole', 'Remove all but 2 tablespoons of fat from them', 'Set casserole over moderate heat while scraping up any coagulated cooking juices from the bottom and sides with a wooden spoon , and mashing the vegetables into the liquid', 'Boil down rapidly if necessary', 'You should have 3 / 4 to 1 cup', 'Correct seasoning , and strain into a hot gravy boat', 'Garnish the meat platter with whatever vegetables you have chosen , and serve', 'If you are not serving immediately , return the veal and sauce to the casserole , cover partially , and set in a turned-off hot oven where it will stay warm for half an hour at least']",I couldn't resist! Named in honor of one of my all time favorite ,"['veal roast', 'butter', 'oil', 'carrots', 'onions', 'parsley sprigs', 'bay leaf', 'thyme', 'salt', 'pepper', 'bacon']"
munch without guilt  tomatoes,30300,10,3,"['Put a slice of tomato on each biscuit / cracker', 'Smear with little mayo and sprinkle black pepper', 'Munch without guilt !']",Anytime munchies...another sweat free preparation for all of you !,"['tomatoes', 'crackers', 'mayonnaise', 'black pepper']"
my muffuletta sandwich,78655,20,3,"['Mix everything in food processor', 'Chop fine for spread', 'Refrigerate until ready to use']",Watched a documentary about the ,"['ciabatta', 'provolone cheese', 'genoa salami', 'ham', 'tomatoes', 'sweet onion', 'green olives', 'kalamata olive', 'fresh basil', 'capers', 'garlic', 'brine', 'oregano leaves', 'olive oil', 'red wine vinegar', 'fresh parsley', 'carrot']"
never weep  whipped cream,74805,5,4,"['Whip all ingredients together until firm peaks form', 'Cover leftovers tightly , preferably in an air-tight plastic container', 'This stays the same consistency until used', 'It will keep for a week in the fridge without deflating']","I don't know where i got this, but it works. The whipped cream will keep for a week in the fridge without deflating... Great for party make-ahead.","['whipping cream', 'vanilla instant pudding mix', 'powdered sugar', 'vanilla extract']"
no bake  cookie crumble cheesecake,71635,135,8,"['In blender , sprinkle gelatin over cold milk', 'Let stand 2 minutes', 'Add hot milk and process at low until dissolved , about 2 minutes', 'Add cream cheese , sugar and vanilla and process until blended', 'Arrange mini chocolate chips in the bottom of the crust', 'Pour in gelatin mixture', 'Sprinkle with your favourite crushed cookies', 'Chill until firm , about 2 hours']","Yet another one i have not made, but have had for awhile. Sounds good and very versatile as you choose what kind of cookies to use! Also sounds extremely easy(not to mention quick) as you whip this all up in a blender and put into a storebought crust!! Most of my cheesecake making has been baked ones so i hope this ","['gelatin', 'milk', 'cream cheese', 'sugar', 'vanilla extract', 'miniature semisweet chocolate chips', 'prepared graham cracker crusts', 'cookie']"
now and later  vegetarian empanadas,38276,90,41,"['In a pot , cover carrots with water to cover', 'Bring to a boil , then lower heat', 'Simmer 10 minutes or until just tender', 'While simmering carrots , pour contents of can of tomatoes into a bowl and squish into little pieces with your hands', 'Wash hands', 'Blend chili powder , cumin , oregano , and cayenne into tomatoes', 'Take the 2 tbs of flour and blend with 1 / 4 cup cold water in a small cup', 'Pour this into tomato mixture and stir to blend', 'Drain carrots , and cut into 3 / 4 in pieces', 'Put both aside for now', 'Melt butter on medium heat in a large fring pan', 'Add onion , mushrooms , zucchini , celery , green pepper , and garlic and saute', 'Stir continuously until onion is limp', 'Stir tomato mixture into frying pan and bring to a simmer', 'Cover and simmer for 2 or 3 minutes , then uncover and cook for about 5 minutes over med-high heat until liquid has evaporated', 'Stir in carrots and cheese', 'Salt to taste', 'When cheese has melted put pan in refrigerator to quickly cool vegetables', 'Stir now and then to help cool faster', 'Now , begin empanada crust', 'Resift flour with baking powder in a bowl', 'Quickly cut butter and shortening into bowl until it looks like a coarse meal', 'Make a well in the center', 'Add soy sauce and cold water together', 'Stir vigorously with a fork until dough follows the fork around bowl', 'Personal observation: the dough seems rather""frothy"" at this point', 'Turn dough onto a lightly floured surface and knead gently for about 10 folds to remove stickyness', 'Divide dough into 8 equal pieces', 'Make into a ball and roll into an 8 inch circle', 'Spoon about 3 / 4 cup vegetable filling onto center of circle', 'Moisten edges of circle with water and bring together at top , pinching and fluting edges', 'Mine looked like balls of dough and turned out fine', 'Lift empanada onto ungreased cookie sheet', 'Repeat until done', 'If you fill more than one cookie sheet put the full one in the refrigerator', 'When done , prick the top of each empanada with a fork and brush with egg and water mixture', 'If you are going to cook some of them right away , pre-heat oven to 400 and cook 25 to 30 minutes on an ungreased cookie sheet', 'Take the ones for later and freeze uncovered on cookie sheet overnight', 'When frozen solid wrap in foil or put in freezer bags', 'Label with instructions: bake uncovered in pre-heated 425 degree oven for 30 minutes', 'Let cool some before serving']",This is from ,"['carrots', 'butter', 'onion', 'sliced mushrooms', 'zucchini', 'celery', 'green pepper', 'cloves', 'tomatoes', 'chili powder', 'ground cumin', 'oregano', 'cayenne pepper', 'flour', 'water', 'monterey jack cheese', 'salt', 'all-purpose flour', 'baking powder', 'vegetable shortening', 'soy sauce', 'egg']"
off the cob  freezer corn,97052,120,15,"['Preheat oven to 325f', 'Shuck ears of corn', 'Rinse to remove silks', 'Place on paper towels to drain', 'Using an angel food cake pan and electric knife , stand each ear on tube part of pan and cut corn off cob', 'Your cuttings will fall neatly into the pan', 'As the cake pan fills , empty into large roaster pan', 'Season with salt and pepper to your taste', 'Cube butter and distribute onto corn in roaster pan', 'Pour half and half throughout corn', 'Roast for 1 hour , stirring gently every 15 minutes', 'Allow to cool for half an hour', 'Label freezer bags with contents , quantity and date', 'Ladle into bags at portions suitable for your personal use', 'Stack neatly in freezer for later use']",This recipe allows you the fresh taste of sweet corn-on-the cob all year long. I've been making it for years and will today make it with olathe corn i picked up at the market for 10 ears for $1. It stacks neatly in your freezer and is ready in a jiffy.,"['sweet corn', 'sweet butter', 'half-and-half', 'salt and pepper']"
one bowl  perfect pound cake,26835,70,7,"['Preheat oven to 325 degrees and grease and flour a tube or bundt pan', 'Combine all ingredients in a large bowl and blend at low speed', 'Beat 3 minutes at medium speed', 'Pour into prepared pan', 'Bake for 1 hour or until top springs back when touched lightly in center', 'Cool in pan for about 15 minutes then remove and cool completely on rack', 'Serve plain or glaze if you like']","This is the perfect pound cake recipe...plus so easy to prepare and only one bowl to wash! This is a firm cake, so if you are into cutting and shaping cakes, this works well. I have used it for christening and communion cakes, creating crosses, etc and used buttercream frosting. I have also made it in a 9 x 13 cake pan...just adjust time accordingly. The addition of the yogurt really makes a difference in the taste.","['all-purpose flour', 'sugar', 'salt', 'baking soda', 'lemon, rind of', 'vanilla', 'butter', 'yogurt', 'eggs']"
one pot  brownies,32271,40,8,"['Melt chocolate and butter in heavy pot', 'Let cool slightly , then add sugar and mix well', 'Add eggs , mix well , then beat in flour', 'Add vanilla', 'Add nuts or raisins , if desired', 'Stir well', 'Bake in 9 1 / 2 x 13 inch greased pan for 20-25 minutes at 375 degrees', 'Do not overbake']","This recipe was submitted by mrs. Stuart padnos for a cookbook fund raiser put out by members of the junior welfare league, holland, michigan about 30 or so years ago. My mom brought the cookbook back to me as a souvenir of their trip. I've made these brownies all these years and have great luck with them every time. I like to top them with an easy cooked chocolate fudge icing that i got from a bowling partner several years ago. These brownies are like a chocolate cake-not gooey like some recipes and i do personally like them plain without nuts or raisins.","['unsweetened chocolate squares', 'butter', 'sugar', 'eggs', 'flour', 'vanilla', 'nuts']"
open sesame  noodles,107229,28,8,"['Cook pasta in salted water until al dente', 'Drain', 'Steam broccoli , set aside', 'Whisk next 6 ingredients together in large serving bowl', 'Add hot pasta', 'Stir in onions , broccoli , and chicken', 'Toss in cilantro', 'Sprinkle on sesame seeds']","This is a very versatile and widely enjoyed pasta dish with chicken. It has an asian influence with a very nice sesame flavor. I whipped it up one evening with a limited pantry and my little one named it. Joint collaboration on this one, folks! Oh yea, and the key is with the fresh ginger.","['vermicelli', 'rice vinegar', 'reduced sodium soy sauce', 'vegetable oil', 'fresh ginger', 'chili-garlic sauce', 'sesame oil', 'green onions', 'broccoli', 'cooked chicken', 'fresh cilantro', 'sesame seeds']"
philly  waldorf salad,5060,60,4,"['Combine softened cream cheese , orange juice , orange rind and sugar , mixing until well blended', 'Add remaining ingredients', 'Mix lightly', 'Chill']",,"['philadelphia cream cheese', 'orange juice', 'orange rind', 'sugar', 'apples', 'celery', 'pecans']"
pick me up party chicken kabobs,42570,30,5,"['Combine all ingredients in a non-reactive bowl', 'Cover and refrigerate overnight', 'Place the chicken on skewers', 'Grill until tender', 'Serve warm']",Serve as an appetizer or party pick-up food.,"['boneless chicken breast', 'garlic', 'salt', 'cumin', 'paprika', 'thyme', 'olive oil', 'lemon juice', 'cayenne', 'fresh ground pepper']"
pizza stuffed potato,52443,25,8,"['Preheat oven to 450 degrees', 'Cut potato in half lengthwise', 'Scoop out pulp from potato halves into a bowl , leaving 1 / 4-inch-thick shells', 'Mash pulp and reserve shells', 'Add 1 ounce mozzarella cheese , the tomato sauce , ricotta cheese , oregano and garlic powder to potato pulp and stir to combine', 'Spoon half of potato mixture into each reserved shell', 'Top each with half of the remaining mozzarella cheese and half of the parmesan cheese', 'Set potato shells in 1-quart casserole and bake until thoroughly heated , about 10 minutes']",,"['baking potato', 'mozzarella cheese', 'tomato sauce', 'part-skim ricotta cheese', 'oregano leaves', 'garlic powder', 'parmesan cheese']"
pour over anything mushroom gravy,35595,20,6,"['In a small saucepan , saut onion and mushrooms in a small amount oil', 'Mix dissolved cornstarch into a cup of vegetable broth', 'Slowly add to onions and mushrooms', 'Add the other ingredients too', 'Check the seasonings and cook gently until thickened', 'Use on vegetables , over cooked rice or noodles , in casseroles , or over mashed potatoes']",The name says it all...absolute must for all the mushroom lovers out there...smooth as silk gravy!!,"['onion', 'mushroom pieces', 'sodium-free vegetable broth', 'tomato puree', 'cornstarch', 'white wine', 'black pepper', 'tabasco sauce']"
put down your fork tuna and bean salad,108804,120,4,"['In salad bowl , combine oil , vinegar , garlic , salt , basil and black pepper', 'Add beans , tuna , scallions and sweet pepper and toss', 'Chill several hours for flavors to blend', 'To make a beautiful presentation , serve on a leaf of bibb lettuce']","The story behind this comes from a simple recipe i had found, then made changes to make our own. My husband loved it so much the first time i made it i literally had to say to him ","['light olive oil', 'red wine vinegar', 'garlic', 'salt', 'fresh basil', 'black pepper', 'white kidney beans', 'albacore tuna in water', 'scallions', 'red sweet bell peppers', 'bibb lettuce']"
real italian bolognese sauce,83950,160,16,"['In a dutch oven or medium size pot , heat butter and olive oil over medium heat until butter begins to froth', 'Add onion , celery , carrot , garlic , and bacon', 'Cook until onions are translucent', 'Remove bacon and remove fat', 'Chop lean portions of bacon in small pieces and return to pot', 'Add ground beef and ground pork , and cook until meat loses red , raw color', 'Raise heat and add wine and consomme', 'Cook sauce until wine and consomme are mostly evaporated', 'Turn heat down to simmer and add oregano , salt , pepper , sage , red pepper flakes , and nutmeg', 'Let cook for approximately 20 minutes', 'Add crushed tomatoes and bring heat to a boil', 'Once the mixture comes to a boil , return to simmer', 'Let sauce simmer partially covered for about 2 to 4 hours , stirring occasionally to prevent sticking', 'About 5 to 10 minutes before serving , add milk', 'Sauce can now be added to cooked penne pasta , spaghetti or many other pastas to your liking', 'Remaining sauce may be frozen for up to two months for future use']","After traveling throughout italy, savoring the fine tastes of bolognese from the many different regions, i decided to formulate my own. Try it, you'll love it.","['bacon', 'onion', 'celery', 'carrot', 'garlic', 'butter', 'olive oil', 'lean ground beef', 'ground pork', 'beef consomme', 'dry white wine', 'crushed tomatoes', 'salt', 'black pepper', 'rubbed sage', 'oregano', 'red pepper flakes', 'nutmeg', 'milk', 'penne pasta']"
red hot applesauce,19208,135,8,"[""core the apples , but it isn'T necessary to peel them"", 'I like the texture of having the peels in the sauce', 'Dice them very fine', 'Tumble everything into a large pot and bring to a boil', ""reduce to the slowest simmer you can arrange on your stove so the sauce won'T burn on the bottom of the pot"", 'Cover , stirring occasionally , until you reach the consistency you want', 'The longer , the finer texture', 'I usually cook it about 3 hours']",Cinnamonophiles will love this one. Try it on french toast.,"['apples', 'red cinnamon candies', 'sugar substitute', 'water']"
red macaroni salad,64302,1470,7,"['In large mixing bowl , combine your macaroni& diced veggies', 'In another bowl , combine sauce ingredients , blending well', 'Pour sauce over the macaroni& vegetables', 'Mix well& chill', 'This can be made up to a day before for fullest flavour', 'Great for a bbq !', 'May be kept 3-4 days in refrigerator']","This is not your usual macaroni salad....there is no miracle whip in this. When i first saw it i was a little put off because of the looks of it, but was sooo surprised when i tasted it!!glad i did! Tasty & a nice change.(i put 1 day for cook time as this is best made ahead of time,i am guessing on servings also as it depends on the appetites and the venue!)","['elbow macaroni', 'green pepper', 'onion', 'celery', 'fresh tomato', 'cucumber', 'oil', 'brown sugar', 'lemon juice', 'ketchup']"
rich hot fudge cake,35964,45,10,"['Combine flour , sugar , 2 t cocoa , baking powder , and salt', 'Stir in milk , oil , and vanilla until smooth', 'Spread in an ungreased 9"" square pan', 'Combine brown sugar and remaining 4 t cocoa', 'Sprinkle over batter', 'Pour hot water over all', 'Do not stir', 'Bake@ 350 for 35-40 min', 'Serve warm or cold with vanilla ice cream', 'Enjoy !']","This is a very rich hot fudge cake that i got hooked on when i was expecting our daughter - just couldn't get enough of it and now she loves chocolate....hum... Anyway, this is a easy recipe that i love warm with ice cream and my husband loves cold and plain. Happy gobbling!:o)","['flour', 'sugar', 'cocoa', 'baking powder', 'salt', 'milk', 'vegetable oil', 'vanilla', 'brown sugar', 'hot water']"
rise and shine german fruit pancake,71457,45,11,"['Preheat oven to 450 degrees', 'With an electric mixer or wire whisk , beat eggs until frothy', 'Whisk in flour', 'Stir in milk and salt', 'Melt butter in a 10-inch oven-proof skillet', 'Pour mixture into hot skillet and place in preheated oven', 'Bake 15 minutes or until pancake is puffed and golden', 'The center will be shaped like a bowl', 'Remove from oven', 'Fill with fruit , dust with powdered sugar and sprinkle with almonds', 'Serve immediately']",Source: kbyu's culinary creations with mary crafts,"['eggs', 'flour', 'milk', 'salt', 'butter', 'powdered sugar', 'apple pie filling', 'toasted almonds']"
say what banana sandwich,95926,5,4,"['Spread a tablespoon on one side of each slice on bread', 'Peel and cut the bananas into 1 / 4-inch round slices', 'Lay the slices on two of the slices of bread and then top with the other half', 'Enjoy !']",You just have to try it to believe it.,"['white bread', 'mayonnaise', 'bananas']"
smells like sunday chicken fricassee with meatballs,103948,90,20,"['First of all make the meatballs by combining all the meatball ingredients in a bowl , mixing well', 'Shape mixture into 1 1 / 2 inch balls and brown in a single layer in the oil , over medium high heat , turning occasionally , until well browned on all sides , about 7 to 8 minutes', 'Alternatively meatballs can be browned in a hot oven', 'Remove from the skillet and drain on paper towels', 'Wipe the skillet clean', 'Wash chicken and pat dry', 'In a shallow bowl , combine the 3 / 4 cup flour , seasonings and mix well', 'Dredge the chicken in this mixture to coat , shaking off any excess flour', 'In skillet , heat oil over medium high heat until hot but not smoking', 'Add the chicken and brown on all sides about 4 minutes per side', 'Remove and set aside', 'Pour off the oil from the skillet , leaving only a thin layer', 'Add the chopped onion and saute over medium high heat until tender and lightly browned , about 8 minutes', 'Stir in the 2 tsp flour and mix well', 'Add the stock and wine , stirring gently to blend', 'Cook until thickened', 'Return the chicken and meatballs to skillet', 'Cover and braise over moderate heat , stirring occasionally , for 45 minutes until chicken and meatballs are cooked through', 'Adjust seasoning and serve with rice or little noodles', 'Alternatively , chicken , meatballs and sauce can be layered in a covered casserole and cooked in a slow oven for several hours']","Like many family recipes, this one was created out of the need to stretch ingredients. One day when there was just a little chicken, and even less ground beef in the house, an old aunt of mine decreed that the two should be cooked together to make a meal large enough for the whole family. The result was a wonderfully tasty dish that smelled just like sunday dinner, but it wasn't, because on sundays we always made sure to have enough of either chicken or meat. This is one of my absolute favorite ways to cook chicken. I hope that you enjoy it as well.","['boneless skinless chicken thighs', 'all-purpose flour', 'salt', 'fresh ground black pepper', 'dried oregano', 'dried thyme', 'garlic powder', 'vegetable oil', 'onion', 'chicken stock', 'dry white wine', 'breadcrumbs', 'milk', 'lean ground beef', 'poultry seasoning']"
smoked salmon cracker spread,99024,65,8,"['In small mixer bowl beat cream cheese at med', 'Speed , scraping bowl often , until light and fluffy add salt , lemon juice , onion , and liquid smoke', 'Continue beating until well mixed', 'By hand , stir in salmon', 'Spoon into serving bowl and serve with crackers', 'Store refrigerated', 'Garnish with chives , green onions , olives , pimiento , etc', 'To taste']","From the land of lakes cookbook via a friend who knows how i like to play. Great as an appetizer spread, rolled in a tortilla, or in sandwiches. Lots of possibilities for innovation here! Cook time is chilling time.","['cream cheese', 'salmon', 'salt', 'lemon juice', 'onions', 'liquid smoke']"
some like it hot,64045,70,11,"['Start with the topping , in a frying pan , dry fry the coconut and peanuts until golden brown , tossing it so it wont burn , remove from the pan and let cool', 'Mix together the soy sauce , cayenne , sambal , ginger , sugar , garlic and water , set aside , you will use this after you fried the tempeh', 'In a wok or frying pan , heat the tablespoon of oil , fry the onion and garlic for one minute , add the coriander , cumin and if you use them the chili peppers , fry this for two minutes', 'Add the carrots , beans and tomatoes , fry until you see the tomatoes going soft , add the stock , bring to the boil and simmer for about 10 minutes', 'Heat the oil in a frying pan large enough to hold the tempeh strips in one layer', 'Fry the tempeh until golden , it will soak up the oil , this is normal', 'Lower the heat when you see them starting to color but fry for a few minutes more , add the soy mix , stir to coat and add to the vegetables , mix', 'By now the tomatoes should have made a sauce and have dissolved', 'Taste to see if you want to add more sambal and / or sugar', 'Now add the bean sprouts , cook further until you see them go limp', 'Transfer to serving dish , sprinkle with 2 tablespoons of the coconut and peanut mixture , serve with rice and the remaining topping on the side']","If you don't like it too hot, leave out the chili peppers and sambal, it will still be a spicy indonesian inspired dish.","['onion', 'garlic', 'ground coriander', 'ground cumin', 'red chili pepper', 'peanut oil', 'carrots', 'green beans', 'tomatoes', 'vegetable stock', 'bean sprouts', 'tempeh', 'soy sauce', 'ground cayenne pepper', 'sambal oelek', 'ginger', 'brown sugar', 'water', 'desiccated coconut', 'peanuts']"
souper easy sweet sour meatballs,41756,150,7,"['Mix together beef , bread crumbs , onions and eggs', 'Form into meatballs', 'Fry and brown in oil', 'Drain on paper towel , then roll in cornstarch', 'In a sauce pan combine soup , water , sugar , salt , pepper& lemon juice', 'Drop meatballs into simmering sauce', 'Simmer on low heat for 2 hours']",Tasty & easy are 2 words to describe this recipe. Never any leftovers. I usually double this recipe and freeze in meals size amounts. This way i always have somthing to pull from the freezer on days i don't feel like cooking.,"['ground beef', 'dried breadcrumbs', 'onion', 'eggs', 'tomato soup', 'water', 'sugar', 'salt and pepper', 'lemon juice']"
sour cream avocado dip vegan,112959,10,6,"['Peel and pit avocado , put in a large mixing bowl', 'Add entire block of tofu and salsa', 'Combine ingredients using a hand mixer on medium speed for about 1 minute or until the mixture becomes smooth', 'Add remaining ingredients , mix on low speed until all ingredients are blended together', 'Chill for one hour and serve', 'Store leftovers in the fridge in an air-tight container']","I made this up when i had an avocado that was getting too ripe and some leftover cilantro. It's good with chips or cut-up veggies, as a topping for mexican food or baked potatoes, etc. Totally vegan and even my husband liked it.","['soft silken tofu', 'avocado', 'chunky salsa', 'fresh cilantro', 'lime juice', 'hot sauce', 'salt and pepper']"
spicy banana bread,83062,75,12,"['Preheat oven to 350 degrees', 'Spray two 9x5 loaf pans with non-stick cooking spray', 'Cream shortening and sugar until light', 'Beat in eggs one at a time', 'In separate bowl , sift together flour , salt , baking soda , cinnamon , cloves and nutmeg', 'Add flour mixture to shortening mixture', 'Blend well', 'Add well mashed bananas , blend well', 'Add nuts', 'Pour into the two prepared pans', 'Bake for 45 minutes to 1 hour', 'Testing with wooden toothpick']",What a great banana bread. Nice change from your basic banana bread. Adjutst spices to taste. Candace submitted this recipe at another recipe site.,"['shortening', 'white sugar', 'bananas', 'eggs', 'flour', 'salt', 'baking soda', 'cinnamon', 'ground cloves', 'nutmeg', 'walnuts']"
steamed chicken cutlets in packages,98930,35,11,"['Preheat oven to 450f', 'Rinse the chicken breasts , and either cut or pound the chicken to create cutlets of about equal size', 'Tear off squares of aluminum foil and place each chicken breast on a square', 'Slice the tomato and place a slice or two atop of each breast', 'Drizzle the chicken with the olive oil', 'Sprinkle the basil on top of the chicken breasts evenly', 'Add salt and pepper to each breast', 'Loosely fold up the foil over each cutlet , leaving both room for air space but folded up enough not to allow oil to drip out', 'Place all packages in a large baking dish and bake for 20 minutes', 'Serve while still packaged', 'Allow each diner to open his / her package at the table']","This creates a great aroma when the packages are first opened at the table--the packages hold the flavors in the chicken. I'm a huge chicken fan, and this is a very simple but tasty way to serve it.","['boneless skinless chicken breast', 'tomatoes', 'dried basil', 'olive oil', 'lime juice', 'salt and pepper']"
stove top bbq beef or pork ribs,83133,150,1,"['Cut all ribs into serving size pieces sprinkle ribs with salt in a dutch oven , brown ribs on all sides in veg oil over medium heat remove ribs from pot saute onions in pot until lightly browned return ribs to pot combine all remaining ingredients in a bowl and mix together- add to pot cover pot and cook over low heat for approx 2 hours , or until tender , stirring occasionally']","This recipe is from the paula deen cooking show on the tv food network. Originally shown for beef short ribs only, i have found it works as well with pork ribs. I have increased the amount of sauce ingredients - the original amounts didn't seem to be quite enough to really enjoy!","['beef ribs', 'onion', 'ketchup', 'water', 'fresh lemon juice', 'brown sugar', 'mustard', 'salt', 'worcestershire sauce', 'vegetable oil']"
sugared grapes,39947,15,5,"['For one regular size bunch of grapes , 2 egg whites', 'Brush grapes with egg whites and then sprinkle sugar to totaly cover grapes', 'Freeze until needed the day of', ""this makes a very pretty garnish that'S really yummmy !"", 'The crystallized sugar makes the grapes crunchy and sweet !']","I first tasted these light, crunchy, twist on grapes at a mother/daughter tea. They are absolutely wonderful and they make very pretty garnishes!","['green grape', 'egg whites', 'sugar']"
symphony brownies,44895,45,10,"['Preheat oven to 350 degrees , or 325 degrees for glass baking dish', 'Lightly grease the bottom only of an 11 x 7 inch baking pan', 'Set aside', 'In a large mixing bowl prepare brownie mix according to directions on the package , using 2 eggs , 1 / 4 cup water and 1 / 2 cup oil', 'Stir until smooth', 'Spread half the batter evenly into prepared pan', 'Unwrap candy bars and place them on top of the batter', 'Top with remaining brownie batter', 'Bake 40 minutes or until a toothpick inserted near center comes out with only a few moist crumbs clinging to it', 'Remove pan from oven and let cool on wire rack before cutting into squares or other shapes']",A ,"['betty crocker fudge brownie mix', 'eggs', 'water', 'vegetable oil', 'milk chocolate candy bars']"
the best banana bread  or muffins,39363,70,10,"['Cream together butter and sugar', 'Blend in eggs', 'Add bananas , water , soda , salt , and baking powder', 'Blend well', 'Stir in flour', 'Add nuts and / or chips , if desired', 'Pour into 4 greased / floured loaf pans or lined muffin tins', 'Bake at 350: loaves need 35-40 minutes , or until toothpick inserted in center comes out clean', 'Muffins need only 18-20 minutes', 'With this recipe , i usually always make muffins to cut down bake time']","Okay, another banana bread recipe...but maybe the other ones don't have at least one ingredient that this one does...my family loves the muffins from this recipe...especially when i make mini-muffins! (i usually halve the recipe!) makes 4 loaves or 60 muffins","['butter', 'sugar', 'eggs', 'bananas', 'water', 'baking soda', 'salt', 'baking powder', 'flour', 'nuts', 'chocolate chips']"
the best chocolate chip cheesecake ever,62368,90,12,"['Preheat oven to 300', 'Combine cookie crumbs& butter , press firmly on bottom of 9 inch springform pan', 'In large mixing bowl beat cream cheese until fluffy , beat in sweetened condensed milk , eggs& vanilla', 'In small bowl toss 1 / 2 cup of chocolate chips with flour , stir into cheesecake mixture', 'Pour into prepared pan', 'Sprinkle remaining chips on top', 'Bake 1 hour , cool& chill', 'For topping beat one cup sour cream& 2tbsp', 'Brown sugar , pour over cake , cook additional 10 mins', 'Dripmelted semi-sweet chocolate over top', 'I usually decorate with fresh strawberries and serve slices with spray whipped cream', 'Awesome !']","I wrote this recipe down once while visiting a girl friend(she just had it on an index card) i hadn't even tried it and boy was i not sorry...this is the best! I get rave reviews whenever i make this. My sister in law has actually brought me all the ingredients on several occasions to make this for her to take to work, etc.. If you like cheesecake i do not think this will disappoint!","['oreo cookie crumbs', 'butter', 'cream cheese', 'sweetened condensed milk', 'eggs', 'vanilla', 'chocolate chips', 'flour', 'sour cream', 'brown sugar']"
the elvis smoothie,111875,2,4,"['Place all ingredients in blender', 'Blend until very smooth', 'Serve immediately', 'For a vegan smoothie , make with soy milk and soy yogurt']","This is a great smoothie, thick and creamy. My husband loves it, i think the kids would like it too.","['banana', 'natural-style peanut butter', '2% low-fat milk', 'sugar-free non-fat vanilla yogurt']"
the mans taco dip,42522,40,6,"['Mix cream cheese and sour cream until a soft mixture', 'Add taco seasoning and bean dip', 'Add 3 / 4 of cheese and pour into a baking dish', 'Add remaining cheese on top', 'Bake at 350 deg for 20 to 30 minutes or until golden brown', 'Serve with torillla chips']","This a wonderful hot dip for chips that seems to attract men (everytime we serve it, the men are always gathered around this dish)","['cream cheese', 'sour cream', 'taco seasoning', 'bean dip', 'cheddar cheese']"
the woiks dilly burgers,34930,32,8,"['In a bowl , mix together the ground beef , montreal steak seasoning , bacon crumbles and dill weed', 'Shape into four burgers', 'Brush or spray the onion slices with olive oil', 'Place the burgers and onion slices over medium hot coals', 'Grill for 8-12 minutes or until burgers are well done and onion is tender , turning once', 'Add cheese to each burger , one minute before cooking is complete', 'Place the burgers on toasted hamburger rolls', 'Top with lettuce , tomato and favourite condiments']",,"[""mccormick's montreal brand steak seasoning"", 'dill weed', 'no-salt-added ketchup', 'ground sirloin', 'bacon', 'american cheese', 'iceberg lettuce', 'tomatoes', 'onion']"
tide me over indian chaat simple veggie salad,63793,2,4,"['Toss everything well in a serving bowl', 'Grab a fork or large spoon and eat immediately , or refrigerate until hunger strikes , and then eat !', 'Feel extremely pleased with yourself that you snacked on this instead of that bag of chips you were eyeing', 'Proceed to eat several helpings of dessert after dinner as reward']",This version of the famous indian chaat (pronounce with the emphasis on the ,"['cucumber', 'potato', 'chopped tomato', 'plain yogurt', 'chat masala', 'paprika', 'salt']"
to your health muffins,61973,40,5,"['Blend together in large bowl flour , bran , brown sugar , baking soda , salt , cinnamon , carrots and raisins', 'In second bowl , beat buttermilk , oil , egg and vanilla', 'Add liquid ingredients to dry ingredients and mix just until moistened', 'Spoon into 12 greased or paper-lined muffin cups', 'Bake at 375f for 20 minutes']","These muffins sound like they are very healthy for you, and pretty easy to make. Another one of my great finds. To your health. Enjoy","['whole wheat flour', 'natural bran', 'brown sugar', 'baking soda', 'salt', 'cinnamon', 'carrot', 'raisins', 'buttermilk', 'corn oil', 'egg', 'vanilla']"
truth serum margaritas,45859,30,3,"['Mix limeade , lime juice , tequila and triple sec in a pitcher and refrigerate', 'Serve in salted glasses with plenty of ice--skip the blender , just serve on the rocks', 'Garnish with lime wedge& a splash of grand marnier']","You'll know why i call it truth serum after you've finished one of these ! Be careful, they are strong. I avoid margarita mixes, because they seem to taste so artificial--there is no substitute for fresh lime juice. When limes are on sale, i buy lots and juice them all. I freeze the juice in 12 oz water bottles, so it's ready to go for","['limeade', 'lime juice', 'tequila', 'triple sec', 'lime wedge', 'grand marnier']"
turtle  squares,58651,30,15,"['Preheat oven to 350 degrees f', 'Spray a 13 x 9 baking pan evenly with non-stick cooking spray', 'Beat 1 cup brown sugar with 1 / 2 cup melted butter with an electric mixer on medium for 2-3 minutes', 'Add the flour mixture and mix until smooth', 'Press the flour mixture evenly and firmly into the prepared baking pan', 'Sprinkle the pecans evenly oven the flour mixture in the pan', 'Mix the 2 / 3 cup butter and 1 / 2 cup brown sugar in a saucepan and bring to a boil over a medium heat', 'Stir constantly while boiling for about 1 minute', 'Spread the boiling mixture evenly over the pecans', 'Bake for about 20 minutes', 'Cool', 'Melt the chocolate chips in the microwave , stirring ever 30 seconds or so until almost smooth', 'Remove the chocolate chips , stir thoroughly to smooth and spread evenly over the top of the squares', 'Chill for 15 minutes until the chocolate sets and then remove from fridge', 'When squares have returned to room temperature cut into 36 squares']",For lovers of pecans and chocolate...,"['flour', 'brown sugar', 'butter', 'pecans', 'semi-sweet chocolate chips']"
twisted american chop suey,59534,60,8,"['Cook noodles according to box , drain and set aside', 'Brown meat in large skillet , drain fat and add noodles and set aside', 'In same skillet , saute onion and garlic in butter until onion is tender', 'Add to beef and noodle mixture', 'Stir in all remaining ingredients except cheese and mix well , i mix milk and tomato soup before adding with rest of ingredients', 'Add 1 / 2 of cheese and mix', 'Put into 3 qt casserole dish , sprayed with pam sprinkle with rest of cheese and cover', 'Bake in 400 degree oven for 30 minutes or until hot in center , if you like cheese crispy uncover for 5-10 minutes']","I got this recipe from a co-worker, her family calls it johnny mazetti, it is a wonderful comfort meal, i skip mushrooms because of my kids. Served with bread its always a welcome meal in my family","['ground beef', 'tomato soup', 'cappelletti pasta', 'mushrooms', 'milk', 'onion', 'salt', 'garlic', 'pepper', 'butter', 'corn', 'cheddar cheese', 'chopped tomato']"
voodoo calamari ink pasta,24137,160,12,"['Separate tentacls and the body of the calamri , then gut them , setting aside the ink sak', 'Wash calamari under cold water , dice the body into rings , and chop the tentacles', 'Heat garlic in oil without browning', 'Add parsley , ground pepper', 'Cover and let it simmer for 45min', 'Check from time to time', ""if it'S sticking , add some hot water"", 'Once it has simmered , mix the tomato sauce with the white wine and add it to the pot', 'Simmer for 20 minutes more , uncovered , then dilute the sauce with a little hot water and simmer for a half hour more , covered', '30 minutes before meal , cook pasta al dante', 'Now you can add the ink to the sauce , as much as you like', 'Serve sauce over pasta with the rest of the white wine']",This is a new invention at our restaurant; it's already receiving rave reviews. :0) much thx to our chief eric. Ps. You can cook the sauce before hand and add the squid ink to the sauce when you are cooking the pasta.,"['squid', 'spaghetti', 'dry white wine', 'tomato sauce', 'parsley', 'garlic', 'extra virgin olive oil', 'hot water', 'salt and pepper']"
wacky cake,40237,40,7,"['Sift together and make 3 holes in dry ingredients', 'In first hole , pour vegetable oil', 'In second hole , pour vinegar', 'In third hole , pour vanilla', 'Pour cold water over all', 'Mix well with fork or whisk , but do not beat', 'Bake in greased 8 x 8 pan for about 35 minutes at 350 deg f']",This is mom's favorite chocolate cake. Easy to make and has a little different twist. Also has no eggs or dairy products. Pick your favorite frosting for the top--mom likes 7-minute the best.,"['flour', 'sugar', 'cocoa', 'baking soda', 'salt', 'vegetable oil', 'vinegar', 'vanilla', 'water']"
